{"v":"5.4.4","fr":25,"ip":0,"op":20,"w":240,"h":240,"nm":"tabbar首页","ddd":0,"assets":[{"id":"image_0","w":40,"h":56,"u":"images/","p":"img_0.png","e":0},{"id":"image_1","w":40,"h":60,"u":"images/","p":"img_1.png","e":0},{"id":"image_2","w":158,"h":197,"u":"images/","p":"img_2.png","e":0},{"id":"image_3","w":220,"h":90,"u":"images/","p":"img_3.png","e":0},{"id":"image_4","w":240,"h":240,"u":"images/","p":"img_4.png","e":0},{"id":"image_5","w":198,"h":211,"u":"images/","p":"img_5.png","e":0}],"layers":[{"ddd":0,"ind":1,"ty":2,"nm":"舱门","refId":"image_0","sr":1,"ks":{"o":{"a":0,"k":100,"ix":11},"r":{"a":0,"k":0,"ix":10},"p":{"a":0,"k":[120,108,0],"ix":2},"a":{"a":0,"k":[20,28,0],"ix":1},"s":{"a":1,"k":[{"i":{"x":[0.833,0.833,0.833],"y":[0.833,0.833,0.833]},"o":{"x":[0.167,0.167,0.167],"y":[0.167,0.167,0.167]},"t":6,"s":[59,100,100],"e":[100,100,100]},{"t":9}],"ix":6}},"ao":0,"ip":6,"op":156,"st":6,"bm":0},{"ddd":0,"ind":2,"ty":2,"nm":"尾巴","refId":"image_1","sr":1,"ks":{"o":{"a":0,"k":100,"ix":11},"r":{"a":0,"k":0,"ix":10},"p":{"a":0,"k":[120,170,0],"ix":2},"a":{"a":0,"k":[20,0,0],"ix":1},"s":{"a":1,"k":[{"i":{"x":[0.833,0.833,0.833],"y":[0.833,0.833,0.833]},"o":{"x":[0.167,0.167,0.167],"y":[0.167,0.167,0.167]},"t":6,"s":[100,0,100],"e":[100,100,100]},{"t":9}],"ix":6}},"ao":0,"ip":6,"op":156,"st":6,"bm":0},{"ddd":0,"ind":3,"ty":2,"nm":"机身","refId":"image_2","sr":1,"ks":{"o":{"a":0,"k":100,"ix":11},"r":{"a":0,"k":0,"ix":10},"p":{"a":0,"k":[120,114.5,0],"ix":2},"a":{"a":0,"k":[79,98.5,0],"ix":1},"s":{"a":0,"k":[100,100,100],"ix":6}},"ao":0,"ip":6,"op":156,"st":6,"bm":0},{"ddd":0,"ind":4,"ty":2,"nm":"翅膀","refId":"image_3","sr":1,"ks":{"o":{"a":0,"k":100,"ix":11},"r":{"a":0,"k":0,"ix":10},"p":{"a":0,"k":[120,115,0],"ix":2},"a":{"a":0,"k":[110,45,0],"ix":1},"s":{"a":1,"k":[{"i":{"x":[0.833,0.833,0.833],"y":[0.833,0.833,0.833]},"o":{"x":[0.167,0.167,0.167],"y":[0.167,0.167,0.167]},"t":6,"s":[72,72,100],"e":[100,100,100]},{"t":9}],"ix":6}},"ao":0,"ip":6,"op":156,"st":6,"bm":0},{"ddd":0,"ind":5,"ty":2,"nm":"首页门","refId":"image_4","sr":1,"ks":{"o":{"a":0,"k":100,"ix":11},"r":{"a":0,"k":0,"ix":10},"p":{"a":1,"k":[{"i":{"x":0.833,"y":0.833},"o":{"x":0.167,"y":0.167},"t":0,"s":[120,160,0],"e":[120,110,0],"to":[0,-8.333,0],"ti":[0,8.333,0]},{"t":5}],"ix":2},"a":{"a":0,"k":[120,160,0],"ix":1},"s":{"a":0,"k":[100,100,100],"ix":6}},"ao":0,"hasMask":true,"masksProperties":[{"inv":false,"mode":"a","pt":{"a":0,"k":{"i":[[-5.523,0],[0,-5.523],[0,0],[5.523,0],[0,5.523],[0,0]],"o":[[5.523,0],[0,0],[0,5.523],[-5.523,0],[0,0],[0,-5.523]],"v":[[120,130],[130,140],[130,180],[120,190],[110,180],[110,140]],"c":true},"ix":1},"o":{"a":0,"k":100,"ix":3},"x":{"a":0,"k":0,"ix":4},"nm":"蒙版 1"}],"ip":0,"op":6,"st":0,"bm":0},{"ddd":0,"ind":6,"ty":2,"nm":"首页房子","refId":"image_5","sr":1,"ks":{"o":{"a":0,"k":100,"ix":11},"r":{"a":0,"k":0,"ix":10},"p":{"a":0,"k":[120,113.17,0],"ix":2},"a":{"a":0,"k":[99,105.5,0],"ix":1},"s":{"a":1,"k":[{"i":{"x":[0.833,0.833,0.833],"y":[0.833,0.833,0.833]},"o":{"x":[0.167,0.167,0.167],"y":[0.167,0.167,0.167]},"t":0,"s":[100,100,100],"e":[73,91,100]},{"t":5}],"ix":6}},"ao":0,"ip":0,"op":6,"st":0,"bm":0}],"markers":[]}